scenario,alpha_d,beta_d,c_d,alpha_h,beta_h,c_h
UMi,10.0220,1.2522,11.0040,3.0487,1.9128,0.1785
UMa / Urban grid / Highway(FR2) / HST(FR2),2.9072,0.1031,3.8471,1.6640,1.6215,-1.4205
RMa / Highway(FR1) / HST(FR1),10.2421,0.0526,3.3131,0.3175,1.4150,1.5906
Indoor office,4.3733,0.4457,4.6302,0.2974,0.4103,2.9711
Indoor Factory,0.231418,0.128133,2.004903,0.462968,0.281526,-16.921515
