scenario,alpha_d,beta_d,c_d,alpha_h,beta_h,c_h
UMi-AV,0.0156h + 5.5399,40.4517/(h + 254.6318),0.0140h + 15.1184,0.0123h + 11.9569,17.8047/(h - 0.2202),0.0532h - 0.0120
UMa-AV,0.83 + 0.00015h,1/(536.305 + 1.0279h),13.824 + 0.03085h,0.9054 - 0.0001117h,1/(38.672 - 0.04658h),25.4898 - 0.02398h
RMa-AV,4.423 + 0.001926h,1/(3.8467 + 0.6547h),3.864 + 0.1538h,1.4231 + 0.00192h,1/(1.7157 - 0.00538h),2.6541 - 0.003851h
